<!-- This is a generated file. It is highly recommended that you DO NOT edit this file. --><iq:manifest xmlns:iq="http://www.garmin.com/xml/connectiq" version="3">
    <iq:application entry="watchface_10App" id="edaa8e2b-97d3-4b62-ab97-dcb766730c32" launcherIcon="@Drawables.LauncherIcon" name="@Strings.AppName" type="watchface" version="0.0.1">
        <iq:products>
            <iq:product id="fr935"/>
            <iq:product id="vivoactive3m"/>
            <iq:product id="wearable2019"/>
        </iq:products>
        <iq:permissions/>
        <iq:languages>
            <iq:language>eng</iq:language>
        </iq:languages>
        <iq:barrels/>
    </iq:application>
</iq:manifest>
