<?xml version="1.0" encoding="UTF-8" standalone="no"?>
<debugInfo>
<pcToLineNum>
<entry filename="C:\\Users\\m67310\\eclipse-workspace\\watchface_1-0\\source\\watchface_10View.mc" id="3" lineNum="20" pc="268435456" symbol="onLayout"/>
<entry filename="C:\\Users\\m67310\\eclipse-workspace\\watchface_1-0\\source\\watchface_10View.mc" id="3" lineNum="21" pc="268435460" symbol="onLayout"/>
<entry filename="C:\\Users\\m67310\\eclipse-workspace\\watchface_1-0\\source\\watchface_10View.mc" id="3" lineNum="22" pc="268435497" symbol="onLayout"/>
<entry filename="C:\\Users\\m67310\\eclipse-workspace\\watchface_1-0\\source\\watchface_10View.mc" id="3" lineNum="23" pc="268435540" symbol="onLayout"/>
<entry filename="C:\\Users\\m67310\\eclipse-workspace\\watchface_1-0\\source\\watchface_10View.mc" id="3" lineNum="24" pc="268435583" symbol="onLayout"/>
<entry filename="C:\\Users\\m67310\\eclipse-workspace\\watchface_1-0\\source\\watchface_10View.mc" id="4" lineNum="29" pc="268435627" symbol="onUpdate"/>
<entry filename="C:\\Users\\m67310\\eclipse-workspace\\watchface_1-0\\source\\watchface_10View.mc" id="4" lineNum="30" pc="268435631" symbol="onUpdate"/>
<entry filename="C:\\Users\\m67310\\eclipse-workspace\\watchface_1-0\\source\\watchface_10View.mc" id="4" lineNum="31" pc="268435667" symbol="onUpdate"/>
<entry filename="C:\\Users\\m67310\\eclipse-workspace\\watchface_1-0\\source\\watchface_10View.mc" id="4" lineNum="33" pc="268435679" symbol="onUpdate"/>
<entry filename="C:\\Users\\m67310\\eclipse-workspace\\watchface_1-0\\source\\watchface_10View.mc" id="4" lineNum="35" pc="268435702" symbol="onUpdate"/>
<entry filename="C:\\Users\\m67310\\eclipse-workspace\\watchface_1-0\\source\\watchface_10View.mc" id="4" lineNum="36" pc="268435732" symbol="onUpdate"/>
<entry filename="C:\\Users\\m67310\\eclipse-workspace\\watchface_1-0\\source\\watchface_10View.mc" id="4" lineNum="37" pc="268435748" symbol="onUpdate"/>
<entry filename="C:\\Users\\m67310\\eclipse-workspace\\watchface_1-0\\source\\watchface_10View.mc" id="4" lineNum="38" pc="268435773" symbol="onUpdate"/>
<entry filename="C:\\Users\\m67310\\eclipse-workspace\\watchface_1-0\\source\\watchface_10View.mc" id="4" lineNum="39" pc="268435783" symbol="onUpdate"/>
<entry filename="C:\\Users\\m67310\\eclipse-workspace\\watchface_1-0\\source\\watchface_10View.mc" id="4" lineNum="40" pc="268435794" symbol="onUpdate"/>
<entry filename="C:\\Users\\m67310\\eclipse-workspace\\watchface_1-0\\source\\watchface_10View.mc" id="4" lineNum="45" pc="268435807" symbol="onUpdate"/>
<entry filename="C:\\Users\\m67310\\eclipse-workspace\\watchface_1-0\\source\\watchface_10View.mc" id="4" lineNum="46" pc="268435843" symbol="onUpdate"/>
<entry filename="C:\\Users\\m67310\\eclipse-workspace\\watchface_1-0\\source\\watchface_10View.mc" id="4" lineNum="48" pc="268435905" symbol="onUpdate"/>
<entry filename="C:\\Users\\m67310\\eclipse-workspace\\watchface_1-0\\source\\watchface_10View.mc" id="4" lineNum="49" pc="268435941" symbol="onUpdate"/>
<entry filename="C:\\Users\\m67310\\eclipse-workspace\\watchface_1-0\\source\\watchface_10View.mc" id="4" lineNum="51" pc="268436069" symbol="onUpdate"/>
<entry filename="C:\\Users\\m67310\\eclipse-workspace\\watchface_1-0\\source\\watchface_10View.mc" id="4" lineNum="52" pc="268436105" symbol="onUpdate"/>
<entry filename="C:\\Users\\m67310\\eclipse-workspace\\watchface_1-0\\source\\watchface_10View.mc" id="4" lineNum="55" pc="268436175" symbol="onUpdate"/>
<entry filename="C:\\Users\\m67310\\eclipse-workspace\\watchface_1-0\\source\\watchface_10View.mc" id="4" lineNum="56" pc="268436211" symbol="onUpdate"/>
<entry filename="C:\\Users\\m67310\\eclipse-workspace\\watchface_1-0\\source\\watchface_10View.mc" id="5" lineNum="72" pc="268436342" symbol="onShow"/>
<entry filename="C:\\Users\\m67310\\eclipse-workspace\\watchface_1-0\\source\\watchface_10View.mc" id="6" lineNum="75" pc="268436347" symbol="onHide"/>
<entry filename="C:\\Users\\m67310\\eclipse-workspace\\watchface_1-0\\source\\watchface_10View.mc" id="7" lineNum="78" pc="268436352" symbol="onExitSleep"/>
<entry filename="C:\\Users\\m67310\\eclipse-workspace\\watchface_1-0\\source\\watchface_10View.mc" id="8" lineNum="81" pc="268436357" symbol="onEnterSleep"/>
<entry filename="C:\\Users\\m67310\\eclipse-workspace\\watchface_1-0\\source\\watchface_10Background.mc" id="10" lineNum="7" pc="268436365" symbol="initialize"/>
<entry filename="C:\\Users\\m67310\\eclipse-workspace\\watchface_1-0\\source\\watchface_10Background.mc" id="10" lineNum="8" pc="268436369" symbol="initialize"/>
<entry filename="C:\\Users\\m67310\\eclipse-workspace\\watchface_1-0\\source\\watchface_10Background.mc" id="10" lineNum="12" pc="268436390" symbol="initialize"/>
<entry filename="C:\\Users\\m67310\\eclipse-workspace\\watchface_1-0\\source\\watchface_10Background.mc" id="11" lineNum="15" pc="268436411" symbol="draw"/>
<entry filename="C:\\Users\\m67310\\eclipse-workspace\\watchface_1-0\\source\\watchface_10Background.mc" id="11" lineNum="17" pc="268436415" symbol="draw"/>
<entry filename="C:\\Users\\m67310\\eclipse-workspace\\watchface_1-0\\source\\watchface_10Background.mc" id="11" lineNum="18" pc="268436468" symbol="draw"/>
<entry filename="C:\\Users\\m67310\\eclipse-workspace\\watchface_1-0\\source\\watchface_10App.mc" id="13" lineNum="6" pc="268436481" symbol="initialize"/>
<entry filename="C:\\Users\\m67310\\eclipse-workspace\\watchface_1-0\\source\\watchface_10App.mc" id="13" lineNum="7" pc="268436485" symbol="initialize"/>
<entry filename="C:\\Users\\m67310\\eclipse-workspace\\watchface_1-0\\source\\watchface_10App.mc" id="14" lineNum="11" pc="268436504" symbol="onStart"/>
<entry filename="C:\\Users\\m67310\\eclipse-workspace\\watchface_1-0\\source\\watchface_10App.mc" id="15" lineNum="15" pc="268436509" symbol="onStop"/>
<entry filename="C:\\Users\\m67310\\eclipse-workspace\\watchface_1-0\\source\\watchface_10App.mc" id="16" lineNum="19" pc="268436514" symbol="getInitialView"/>
<entry filename="C:\\Users\\m67310\\eclipse-workspace\\watchface_1-0\\source\\watchface_10App.mc" id="16" lineNum="20" pc="268436518" symbol="getInitialView"/>
<entry filename="C:\\Users\\m67310\\eclipse-workspace\\watchface_1-0\\source\\watchface_10App.mc" id="17" lineNum="24" pc="268436556" symbol="onSettingsChanged"/>
<entry filename="C:\\Users\\m67310\\eclipse-workspace\\watchface_1-0\\source\\watchface_10App.mc" id="17" lineNum="25" pc="268436560" symbol="onSettingsChanged"/>
<entry filename="Rez" id="24" lineNum="32" pc="268436577" symbol="WatchFace"/>
<entry filename="Rez" id="24" lineNum="36" pc="268436589" symbol="WatchFace"/>
<entry filename="Rez" id="24" lineNum="37" pc="268436613" symbol="WatchFace"/>
<entry filename="Rez" id="24" lineNum="39" pc="268436776" symbol="WatchFace"/>
</pcToLineNum>
<symbolTable>
<entry id="8389124" method="true" symbol="onUpdate"/>
<entry id="8389349" symbol="justification"/>
<entry field="true" id="13" symbol="consolasHalf"/>
<entry field="true" id="22" symbol="ColorBlue"/>
<entry field="true" id="11" symbol="customFont"/>
<entry field="true" id="8388611" module="true" symbol="Toybox"/>
<entry field="true" id="17" symbol="clockTime"/>
<entry field="true" id="16" symbol="dateString"/>
<entry id="8388770" module="true" object="true" symbol="Strings"/>
<entry field="true" id="29" symbol="ColorWhite"/>
<entry id="8389280" method="true" symbol="getInitialView"/>
<entry id="8389068" method="true" symbol="draw"/>
<entry id="8389377" method="true" symbol="onExitSleep"/>
<entry id="8388640" module="true" symbol="Lang"/>
<entry id="8388639" module="true" symbol="Graphics"/>
<entry field="true" id="28" symbol="ColorBlack"/>
<entry id="8388769" module="true" object="true" symbol="Rez"/>
<entry id="8389123" method="true" symbol="onShow"/>
<entry field="true" id="15" symbol="today_SH"/>
<entry field="true" id="23" symbol="ColorRed"/>
<entry field="true" id="24" symbol="ForegroundColorTitle"/>
<entry field="true" id="12" symbol="consolasSmall"/>
<entry id="8388702" method="true" symbol="initialize"/>
<entry field="true" id="30" symbol="AppName"/>
<entry id="9" object="true" symbol="watchface_10View"/>
<entry id="8389375" method="true" object="true" symbol="WatchFace"/>
<entry id="8390146" module="true" object="true" symbol="Background"/>
<entry field="true" id="20" symbol="LauncherIcon"/>
<entry id="8389683" method="true" symbol="onSettingsChanged"/>
<entry id="8388648" module="true" symbol="WatchUi"/>
<entry id="8389281" method="true" symbol="onStop"/>
<entry field="true" id="8389065" symbol="locY"/>
<entry field="true" id="8389064" symbol="locX"/>
<entry id="8388771" module="true" object="true" symbol="Drawables"/>
<entry id="8389122" method="true" symbol="onLayout"/>
<entry field="true" id="26" symbol="ColorDarkGray"/>
<entry id="8389279" method="true" symbol="onStart"/>
<entry id="8389376" method="true" symbol="onEnterSleep"/>
<entry id="8389348" symbol="font"/>
<entry field="true" id="21" symbol="ColorLightGray"/>
<entry id="8389347" symbol="color"/>
<entry field="true" id="25" symbol="BackgroundColorTitle"/>
<entry field="true" id="14" symbol="today_MED"/>
<entry id="19" module="true" symbol="Layouts"/>
<entry id="8389125" method="true" symbol="onHide"/>
<entry field="true" id="27" symbol="MilitaryFormatTitle"/>
<entry id="8390088" module="true" object="true" symbol="JsonData"/>
<entry field="true" id="8389063" symbol="identifier"/>
<entry id="18" module="true" symbol="Menus"/>
<entry id="8388772" module="true" object="true" symbol="Fonts"/>
<entry id="10" object="true" symbol="watchface_10App"/>
<entry id="8388635" module="true" symbol="Application"/>
</symbolTable>
<localVars>
<entry endPc="268435627" name="dc" stackId="1" startPc="268435456"/>
<entry endPc="268436341" name="hour" stackId="4" startPc="268435631"/>
<entry endPc="268436341" name="secdig" stackId="3" startPc="268435631"/>
<entry endPc="268436341" name="myBatt" stackId="2" startPc="268435631"/>
<entry endPc="268436342" name="dc" stackId="1" startPc="268435627"/>
<entry endPc="268436410" name="dictionary" stackId="1" startPc="268436369"/>
<entry endPc="268436481" name="dc" stackId="1" startPc="268436411"/>
<entry endPc="268436509" name="state" stackId="1" startPc="268436504"/>
<entry endPc="268436514" name="state" stackId="1" startPc="268436509"/>
<entry endPc="268436803" name="rez_cmp_local_custom_drawable_17342113731602069437" stackId="2" startPc="268436589"/>
<entry endPc="268436803" name="rez_cmp_local_text_TimeLabel" stackId="3" startPc="268436589"/>
<entry endPc="268436804" name="dc" stackId="1" startPc="268436577"/>
</localVars>
<annotations/>
<dataEntryOffsetMappings>
<dataEntry offset="87" parentId="" symbolId="globals" type="module"/>
<dataEntry offset="182" parentId="globals" symbolId="Background" type="class"/>
<dataEntry offset="237" parentId="globals" symbolId="watchface_10App" type="class"/>
<dataEntry offset="316" parentId="globals" symbolId="watchface_10View" type="class"/>
<dataEntry offset="467" parentId="globals" symbolId="Rez" type="module"/>
<dataEntry offset="546" parentId="Rez" symbolId="Drawables" type="module"/>
<dataEntry offset="585" parentId="Rez" symbolId="Menus" type="module"/>
<dataEntry offset="616" parentId="Rez" symbolId="Fonts" type="module"/>
<dataEntry offset="671" parentId="Rez" symbolId="JsonData" type="module"/>
<dataEntry offset="702" parentId="Rez" symbolId="Layouts" type="module"/>
<dataEntry offset="741" parentId="Rez" symbolId="Strings" type="module"/>
</dataEntryOffsetMappings>
<functions>
<functionEntry accessMode="public" name="onLayout" parent="watchface_10View">
<param id="dc"/>
<documentation/>
</functionEntry>
<functionEntry accessMode="public" name="onUpdate" parent="watchface_10View">
<param id="dc"/>
<documentation/>
</functionEntry>
<functionEntry accessMode="public" name="onShow" parent="watchface_10View">
<documentation/>
</functionEntry>
<functionEntry accessMode="public" name="onHide" parent="watchface_10View">
<documentation/>
</functionEntry>
<functionEntry accessMode="public" name="onExitSleep" parent="watchface_10View">
<documentation/>
</functionEntry>
<functionEntry accessMode="public" name="onEnterSleep" parent="watchface_10View">
<documentation/>
</functionEntry>
<functionEntry accessMode="public" name="initialize" parent="Background">
<documentation/>
</functionEntry>
<functionEntry accessMode="public" name="draw" parent="Background">
<param id="dc"/>
<documentation/>
</functionEntry>
<functionEntry accessMode="public" name="initialize" parent="watchface_10App">
<documentation/>
</functionEntry>
<functionEntry accessMode="public" name="onStart" parent="watchface_10App">
<param id="state"/>
<documentation/>
</functionEntry>
<functionEntry accessMode="public" name="onStop" parent="watchface_10App">
<param id="state"/>
<documentation/>
</functionEntry>
<functionEntry accessMode="public" name="getInitialView" parent="watchface_10App">
<documentation/>
</functionEntry>
<functionEntry accessMode="public" name="onSettingsChanged" parent="watchface_10App">
<documentation/>
</functionEntry>
<functionEntry accessMode="public" name="WatchFace" parent="Layouts">
<param id="dc"/>
<documentation><![CDATA[<div class="description"> Draw the layout<br/> param The context<br/></div>]]></documentation>
</functionEntry>
</functions>
</debugInfo>
